,epochs,log-likelihood
0,0.0,-2.536665678024292
1,0.0,0.12467777729034424
2,0.0,-0.7715548872947693
